Company Common Name,Date,Source,RIC,Headline,Exchange Name,TRBC Economic Sector Name,CUSIP,Attack,Data Breach,Software Breach,Cyber breach,Social breach,Ransomware,Shutdown,Twitter breach,Facebook breach,Stolen Funds,Mitigation,ticker,exchange,Date_day
1st Source Corp,2023-07-10 15:33:36,MARCON,SRCE.O,8k – form,unknown,Financials,33690110,Data-breach,1.0,1.0,,,,,,,,,SRCE,O,2023-07-10
Activision Blizzard Inc,2023-02-20 06:37:41,MSNCAN,ATVI.O,"Alleged Activision data breach reveals Call of Duty's 2023 plans, including MW2 and possible new CoD",unknown,Technology,00507V10,Phishing,1.0,,,1.0,,,,,,,ATVI,O,2023-02-20
Adobe Inc,2012-11-13 19:00:00,RTRS,ADBE.O,"UPDATE 1-Adobe says user forum was breached, takes site offline",unknown,Technology,00724F10,Data-breach,1.0,,,,,,,,,,ADBE,O,2012-11-13
Adobe Inc,2013-02-26 19:00:00,RTRS,ADBE.O,Hackers target European governments via Adobe bug -researchers,unknown,Technology,00724F10,Code-vulnerability,,1.0,,,,,,,,,ADBE,O,2013-02-26
Adobe Inc,2013-10-03 17:40:55,RTRS,ADBE.O,"Adobe says customer data, source code accessed in cyber attack",unknown,Technology,00724F10,Code-breach,1.0,1.0,,,,,,,,,ADBE,O,2013-10-03
Adobe Inc,2014-04-28 15:45:18,RTRS,ADBE.O,Adobe fixes Flash Player bug used in attack on Syrian gov't website,unknown,Technology,00724F10,Code-vulnerability,,1.0,,,,,,,,,ADBE,O,2014-04-28
Adobe Inc,2016-04-07 20:47:05,RINB,ADBE.OQ,Adobe Systems Inc issues emergency update to Flash after ransomware attacks - Reuters News,NASDAQ/NGS (GLOBAL SELECT MARKET),Technology,00724F10,Ransomware,,1.0,,,1.0,,,,,,ADBE,OQ,2016-04-07
Adobe Inc,2017-10-16 11:27:41,RTRS,ADBE.O,UPDATE 1-Adobe warns that hackers are exploiting its Flash software,unknown,Technology,00724F10,Code-vulnerability,,1.0,,,,,,,,,ADBE,O,2017-10-16
Air Canada,2018-08-29 09:22:08,RTRS,AC.TO,"BRIEF-Air Canada mobile app breach affects 20,000 people - CBC News",TORONTO STOCK EXCHANGE,Industrials,00891187,Data-breach,1.0,,,,,,,,,,AC,TO,2018-08-29
Air Canada,2023-09-20 10:04:23,NEWCON,AC.TO,"Air Canada Reports Internal Data Breach, Employee Records Compromised",TORONTO STOCK EXCHANGE,Industrials,00891187,Data-breach,1.0,,,,,,,,,,AC,TO,2023-09-20
Airbnb Inc,2023-08-23 08:40:31,RTECOM,ABNB.O,Airbnb Ireland reprimanded over data breaches,unknown,Technology,00906610,Data-breach,1.0,,,,,,,,,,ABNB,O,2023-08-23
Akamai Technologies,2023-03-17 02:47:18,PRN,AKAM.O,Akamai Mitigates Record DDoS Attack in Asia-Pacific (900 Gbps),unknown,Technology,00971T10,Mitigation,,,,,,,,,,1.0,AKAM,O,2023-03-17
Allied Healthcare Products Inc,2021-06-04 09:31:03,RTRS,AHPI.O,BRIEF-Allied Healthcare Products Says Suffered What It Believed To Be A Cyber-Attack Impacting Certain Of Its Operational And Information Technolog...,OTC MARKETS,Healthcare,01922220,Ransomware,,,,,1.0,1.0,,,,,AHPI,O,2021-06-04
Alphabet Inc,2015-04-14 03:18:26,RTRS,GOOGL.O,google malaysia service disrupted by hackers,unknown,Technology,02079K30,Shutdown,,,,,,1.0,,,,,GOOGL,O,2015-04-14
Alphabet Inc,2018-10-08 11:31:33,RTRS,GOOGL.O,CORRECTED-UPDATE 4-Alphabet to shut Google+ social site after user data exposed,unknown,Technology,02079K30,Code-vulnerability,1.0,1.0,,,,,,,,,GOOGL,O,2018-10-08
Alphabet Inc,2022-05-23 04:33:44,INDIAE,GOOGL.O,google's threat analysis group reveals how commercial spyware was used to hack into android,unknown,Technology,02079K30,Code-vulnerability,,1.0,,,,,,,,,GOOGL,O,2022-05-23
Alphabet Inc,2022-06-23 12:42:32,RTRS,GOOGL.O,"rpt-apple and android phones hacked by italian spyware, google says",unknown,Technology,02079K30,Code-vulnerability,,1.0,,,,,,,,,GOOGL,O,2022-06-23
Alphabet Inc,2022-08-21 18:00:00,TWTR,GOOGL.O,@economictimes: google has blocked the largest-ever web distributed denial-of-service (ddos) cyber attack on a customer that peaked at 46 million requests per second (rps). https://t.co/pbrjj69bcj,unknown,Technology,02079K30,Mitigation,,,,,,,,,,1.0,GOOGL,O,2022-08-21
American Airlines Group Inc,2022-09-20 12:23:15,TWTR,AAL.O,@DeItaone: American Airlines Says Data Breach Affected Small Number of Customers $AAL Hackers accessed personal information through a phishing scam targeting airline employees https://t.co/VnVsAh6A0q,unknown,Industrials,02376R10,Data-breach,1.0,,,1.0,,,,,,,AAL,O,2022-09-20
American Airlines Group Inc,2023-06-30 15:46:12,DATMTR,AAL.O,American Airlines and Southwest Airlines suffer data breach,unknown,Industrials,02376R10,Data-breach,1.0,,,,,,,,,,AAL,O,2023-06-30
Amtech Systems Inc,2021-04-15 07:10:43,RTRS,ASYS.O,"BRIEF-Amtech Systems - On April 12, Co Detected Data Incident Which Attackers Gained Access To & Disabled Some Technology Systems Used By One Of Co...",unknown,Technology,03233250,Shutdown,1.0,,,,,1.0,,,,,ASYS,O,2021-04-15
Apple Inc,2013-07-21 20:00:00,RTRS,AAPL.O,"Apple's developer website attacked, can't rule out stolen data",unknown,Technology,03783310,Shutdown,1.0,,,,,1.0,,,,,AAPL,O,2013-07-21
Apple Inc,2013-09-22 22:31:09,RTRS,AAPL.O,German group claims to have hacked Apple iPhone fingerprint scanner,unknown,Technology,03783310,Code-vulnerability,,1.0,,,,,,,,,AAPL,O,2013-09-22
Apple Inc,2014-06-10 15:30:17,RTRS,AAPL.OQ,Russia arrests two hackers it says hijacked Apple devices,NASDAQ/NGS (GLOBAL SELECT MARKET),Technology,03783310,Phishing,,1.0,,1.0,,,,,,,AAPL,OQ,2014-06-10
Apple Inc,2014-09-01 19:45:08,RTRS,AAPL.O,BRIEF-Apple says certain celebrity accounts were compromised by targeted attack,unknown,Technology,03783310,Data-breach,1.0,,,1.0,,,,,,,AAPL,O,2014-09-01
Apple Inc,2016-03-07 09:45:09,RTRS,AAPL.OQ,Apple users targeted in first known Mac ransomware campaign,NASDAQ/NGS (GLOBAL SELECT MARKET),Technology,03783310,Ransomware,,1.0,,,1.0,,,,,,AAPL,OQ,2016-03-07
Apple Inc,2016-08-25 14:32:31,RTRS,AAPL.OQ,Apple fixes serious security flaw after UAE dissident's iPhone targeted,NASDAQ/NGS (GLOBAL SELECT MARKET),Technology,03783310,Code-vulnerability,,1.0,,,,,,,,,AAPL,OQ,2016-08-25
Apple Inc,2017-03-07 18:06:13,BUSINT,AAPL.OQ,Apple responds to the WikiLeaks files that suggested the CIA hacked iPhones (AAPL),NASDAQ/NGS (GLOBAL SELECT MARKET),Technology,03783310,Special,,1.0,,,,,,,,,AAPL,OQ,2017-03-07
Apple Inc,2018-08-16 19:08:10,RTRS,AAPL.O,Australian teen sparks FBI action after hacking Apple -media,unknown,Technology,03783310,Data-breach,1.0,,,,,,,,,,AAPL,O,2018-08-16
Apple Inc,2018-10-16 08:06:44,RTRS,AAPL.O,MEDIA-Apple 'deeply apologetic' over account hacks in China - WSJ,unknown,Technology,03783310,Phishing,1.0,1.0,,1.0,,,,,1.0,,AAPL,O,2018-10-16
Apple Inc,2019-01-28 20:23:20,THEGRD,AAPL.O,A 'black eye' for Apple: FaceTime bug shakes faith in iPhone security,unknown,Technology,03783310,Code-vulnerability,,1.0,,,,,,,,,AAPL,O,2019-01-28
Apple Inc,2020-04-04 02:03:55,HINDUT,AAPL.O,"Hacker finds out security flaw in Apple iPhones, iPads and MacBooks that gives access to webcams",unknown,Technology,03783310,Code-vulnerability,,1.0,,,,,,,,,AAPL,O,2020-04-04
Apple Inc,2021-04-21 02:58:21,BUSINT,AAPL.O,"A ransomware group says it stole Apple product blueprints, and is demanding the tech giant pay $50 million to get them back",unknown,Technology,03783310,Ransomware,1.0,1.0,,,1.0,,,,,,AAPL,O,2021-04-21
Apple Inc,2021-09-13 15:15:00,BUSINT,AAPL.O,"Apple wants you to update your iPhone, Mac, and Apple Watch after it fixed a software flaw that let hackers spy without anyone clicking a link",unknown,Technology,03783310,Code-vulnerability,,1.0,,,,,,,,,AAPL,O,2021-09-13
Apple Inc,2022-03-30 14:06:55,RTRS,AAPL.O,"BRIEF-Apple, Facebook Provided User Data In Response To Forged Legal Requests Sent By Hackers Using Law Enforcement Email Systems- Bloomberg Report...",unknown,Technology,03783310,Phishing,1.0,,,1.0,,,,,,,AAPL,O,2022-03-30
Apple Inc,2022-06-23 12:42:32,RTRS,AAPL.O,"RPT-Apple and Android phones hacked by Italian spyware, Google says",unknown,Technology,03783310,Code-vulnerability,,1.0,,,,,,,,,AAPL,O,2022-06-23
Apple Inc,2022-09-27 20:28:59,RTRS,AAPL.O,"""APPLE NEWS WAS JUST HACKED"" - CNBC REPORTER TWEET",unknown,Technology,03783310,Shutdown,,1.0,,,,1.0,,,,,AAPL,O,2022-09-27
Apple Inc,2022-12-13 15:36:17,NEWPAP,AAPL.O,Apple users urged to update devices after cyber attacks on iPads and older iPhones,unknown,Technology,03783310,Code-vulnerability,,1.0,,,,,,,,,AAPL,O,2022-12-13
Apple Inc,2023-06-01 04:15:31,RTRS,AAPL.O,UPDATE 7-Russia says US hacked thousands of Apple phones in spy plot,unknown,Technology,03783310,Code-vulnerability,,1.0,,,,,,,,,AAPL,O,2023-06-01
Apple Inc,2023-09-07 16:58:09,TWTR,AAPL.O,Apple releases urgent security updates to prevent hackers from planting Pegasus spyware in iPhones,unknown,Technology,03783310,Code-vulnerability,,1.0,,,,,,,,,AAPL,O,2023-09-07
Atlassian Corp,2023-02-17 07:52:28,TWTR,TEAM.OQ,@TechCrunch: Atlassian and Envoy briefly blame each other for data breach that exposed the personal data of thousands of Atlassian employees. https://t.co/R7aAMSPCr0,NASDAQ/NGS (GLOBAL SELECT MARKET),Technology,04946810,Data-breach,1.0,,,,,,,,,,TEAM,OQ,2023-02-17
BCE Inc,2017-05-15 17:39:17,RTRS,BCE.TO,Canadian telecom company BCE says customer database hacked,TORONTO STOCK EXCHANGE,Technology,05534B76,Data-breach,1.0,,,,,,,,,,BCE,TO,2017-05-15
BIT Mining Ltd,2022-12-26 06:10:03,RTRS,50C0y.F,"BIT MINING LTD 50C0y.F - COMPANY'S SUBSIDIARY, BTC.COM, EXPERIENCED A CYBERATTACK ON DECEMBER 3, 2022",DEUTSCHE BOERSE AG,Technology,05547420,Stolen Funds,,,,,,,,,1.0,,50C0y,F,2022-12-26
BRP Inc,2022-08-15 06:30:38,RTRS,DOO.TO,BRP INC - EFFORTS TO RESTORE SYSTEMS AND BUSINESS OPERATIONS ARE CONTINUING FOLLOWING RECENT CYBERATTACK,TORONTO STOCK EXCHANGE,Consumer Cyclicals,05577W20,Malware,,,,,,1.0,,,,,DOO,TO,2022-08-15
Bank of Montreal,2018-05-28 10:49:30,RTRS,BMO.TO,Bank of Montreal says it was subject of cyber attack on Sunday,TORONTO STOCK EXCHANGE,Financials,06367110,Data-breach,1.0,,,,,,,,,,BMO,TO,2018-05-28
BioNTech SE,2020-12-10 00:05:31,RTRS,22UAy.DE,BRIEF-Biontech Says Were Informed By EMA That Documents On Covid-19 Vaccine Accessed In Cyber Attack,XETRA,Healthcare,09075V10,Data-breach,1.0,,,,,,,,,,22UAy,DE,2020-12-10
Blackbaud Inc,2020-07-28 03:47:00,TARNEW,BLKB.O,Cancer Research Institute Issues Statement on Blackbaud Data Breach,unknown,Technology,09227Q10,Data-breach,1.0,,,,,,,,,,BLKB,O,2020-07-28
Boeing Co,2014-05-19 23:30:16,RINB,BOEB.L,Boeing Co - Chinese national pleads guilty in U.S. to computer hacking conspiracy - Reuters News,unknown,Industrials,09702310,Data-breach,1.0,,,,,,,,,,BOEB,L,2014-05-19
Brightcove Inc,2014-09-24 16:30:31,RTRS,BCOV.O,BRIEF-Brightcove suffered service disruption due to denial-of-service attack on Sept 18,unknown,Technology,10921T10,Ddos,,,,,,1.0,,,,,BCOV,O,2014-09-24
CH Robinson Worldwide Inc,2021-05-13 15:19:07,RTRS,CHRW.O,BRIEF-C.H. Robinson Says Anticipate Impact From Colonial Pipeline Hack To Be Minimal And Temporary,unknown,Industrials,12541W20,Shutdown,,,,,,1.0,,,,,CHRW,O,2021-05-13
CME Group Inc,2013-11-15 13:22:37,RTRS,CME.O,CME Group says its Clearport system was hacked in July,unknown,Financials,12572Q10,Data-breach,1.0,,,,,,,,,,CME,O,2013-11-15
Caesars Entertainment Inc,2023-09-13 15:05:22,TWTR,CZR.O,MEDIA-Caesars Entertainment paid millions in ransom in recent cyberattack- Bloomberg News,unknown,Consumer Cyclicals,12769G10,Ransomware,,,,,1.0,,,,,,CZR,O,2023-09-13
Cisco Systems Inc,2015-09-15 03:08:14,RTRS,CSCO.O,CORRECTED-UPDATE 2-Cisco router break-ins bypass cyber defences,unknown,Technology,17275R10,Code-vulnerability,,1.0,,,,,,,,,CSCO,O,2015-09-15
Cisco Systems Inc,2022-09-13 04:07:24,REGISU,CSCO.O,"Cisco: Yes, Yanluowang leaked our data. No, it's not serious",unknown,Technology,17275R10,Data-breach,1.0,,,,,,,,,,CSCO,O,2022-09-13
Citi Trends Inc,2023-08-17 08:00:16,PRN,CTRN.O,PRIVACY ALERT: Citi Trends Retailer Under Investigation for Data Breach of Employee Records,unknown,Consumer Cyclicals,17306X10,Data-breach,1.0,,,,,,,,,,CTRN,O,2023-08-17
Citrix Systems Inc,2019-03-08 12:20:23,RTRS,CTXS.O,BUZZ-Citrix Systems: Slips after company reveals network breach,unknown,Technology,17737610,Data-breach,1.0,1.0,,,,,,,,,CTXS,O,2019-03-08
Citrix Systems Inc,2022-12-13 14:38:14,RTRS,CTXS.O,UPDATE 1-U.S. agency warns that hackers are going after Citrix networking gear,unknown,Technology,17737610,Code-vulnerability,,1.0,,,,,,,,,CTXS,O,2022-12-13
Cognizant Technology Solutions Corp,2020-04-18 18:50:18,RTRS,CTSH.O,Cognizant hit by 'Maze' ransomware attack,unknown,Technology,19244610,Ransomware,,,,,1.0,,,,,,CTSH,O,2020-04-18
Coinbase Global Inc,2021-10-01 12:27:43,RTRS,COIN.O,"Coinbase says hackers stole cryptocurrency from at least 6,000 customers",unknown,Technology,19260Q10,Stolen Funds,,,,,,,,,1.0,,COIN,O,2021-10-01
Coinbase Global Inc,2023-02-22 14:37:29,COITEL,COIN.O,Coinbase discloses recent cyberattack targeting employees,unknown,Technology,19260Q10,Data-breach,1.0,,,,,,,,,,COIN,O,2023-02-22
Copper Mountain Mining Corp,2022-12-29 16:30:03,RTRS,CMMC.TO,BRIEF-Copper Mountain Mining Subject To Ransomware Attack,unknown,Basic Materials,21750U10,Ransomware,,,,,1.0,,,,,,CMMC,TO,2022-12-29
Cornerstone Building Brands Inc,2020-08-11 09:32:26,RTRS,CNR.N,BRIEF-Cornerstone Building Brands Says A Ransomware Attack Impacted Some Of Its Operational And Information Technology Systems,unknown,Consumer Cyclicals,21925D10,Ransomware,,,,,1.0,1.0,,,,,CNR,N,2020-08-11
D-Box Technologies Inc,2021-07-14 09:54:20,RTRS,DBO.TO,BRIEF-D-BOX Technologies Announces Ransomware Cyber Attack,TORONTO STOCK EXCHANGE,Consumer Cyclicals,23305P10,Ransomware,,,,,1.0,,,,,,DBO,TO,2021-07-14
DISH Network Corp,2023-02-27 14:47:30,MSNAUS,DISH.O,Dish Network down following suspected cyberattack,unknown,Consumer Cyclicals,25470M10,Shutdown,,,,,,1.0,,,,,DISH,O,2023-02-27
Dixie Group Inc,2021-04-19 13:53:20,RTRS,DXYN.O,BRIEF-Dixie Group Announces Ransomware Attack,unknown,Consumer Cyclicals,25551910,Ransomware,,,,,1.0,,,,,,DXYN,O,2021-04-19
DocuSign Inc,2017-05-16 04:33:59,RTRS,DOCU.OQ,MEDIA-Breach at DocuSign led to targeted email malware campaign- KrebsOnSecurity,NASDAQ/NGS (GLOBAL SELECT MARKET),Technology,25616310,Data-breach,1.0,1.0,,,,,,,,,DOCU,OQ,2017-05-16
DoorDash Inc,2019-09-26 16:30:37,RTRS,DASH.K,United States : CFO Jimmy Patronis: DoorDash Data Breach Affects 4.9 Million Users,unknown,Technology,25809K10,Data-breach,1.0,,,,,,,,,,DASH,K,2019-09-26
Dropbox Inc,2022-11-01 19:36:35,COMCOM,DBX.O,Dropbox code compromised in phishing attack,unknown,Technology,26210C10,Phishing,,1.0,,1.0,,,,,,,DBX,O,2022-11-01
E W Scripps Co,2022-12-15 16:32:10,VERGEA,FUBO.N,FuboTV is down during a World Cup semifinal,unknown,Consumer Cyclicals,81105440,Shutdown,,,,,,1.0,,,,,FUBO,N,2022-12-15
Empire Company Ltd,2022-11-08 01:33:58,TORSTA,EMPa.TO,Sobeys parent company says cyberattack will cost them $32 million,TORONTO STOCK EXCHANGE,Consumer Non-Cyclicals,29184340,Shutdown,,,,,,1.0,,,,,EMPa,TO,2022-11-08
Equinix Inc,2020-09-10 06:50:48,RTRS,EQIX.O,BRIEF-Equinix Inc - Investigating A Security Incident Detected That Involves Ransomware On Some Of Internal Systems,unknown,Real Estate,29444U70,Ransomware,,,,,1.0,,,,,,EQIX,O,2020-09-10
Exco Technologies Ltd,2023-01-23 08:20:04,RTRS,XTC.TO,EXCO TECHNOLOGIES LTD - ANNOUNCES THREE PRODUCTION FACILITIES WITHIN LARGE MOULD GROUP ARE RECOVERING FROM A CYBER INCIDENT,TORONTO STOCK EXCHANGE,Consumer Cyclicals,30150P10,Code-vulnerability,,,,,,1.0,,,,,XTC,TO,2023-01-23
Expedia Group Inc,2018-03-20 10:20:52,RTRS,EXPE.O,"Expedia's Orbitz says 880,000 payment cards hit by security breach",unknown,Consumer Cyclicals,30212P30,Data-breach,1.0,,,,,,,,,,EXPE,O,2018-03-20
Expedia Group Inc,2020-11-11 05:30:00,INDEPE,EXPE.O,Data breach potentially exposes details of millions of booking.com and Expedia customers,unknown,Consumer Cyclicals,30212P30,Data-breach,1.0,,,,,,,,,,EXPE,O,2020-11-11
First Merchants Corp,2023-07-05 08:04:00,RTRS,FRME.O,"FIRST MERCHANTS: BASED ON INVESTIGATION, BANK'S CUSTOMERS WHO USE ONLINE,MOBILE BANKING COULD HAVE HAD PERSONAL INFORMATION COPIED THROUGH CYBERATTACK",unknown,Financials,32081710,Data-breach,1.0,,,,,,,,,,FRME,O,2023-07-05
Flagstar Bancorp Inc,2021-03-15 14:34:17,AMERBA,FBC.N,"Flagstar's data breach, and what banks can learn from it",unknown,Financials,33793070,Data-breach,1.0,,,,,,,,,,FBC,N,2021-03-15
Flagstar Bancorp Inc,2022-06-24 12:31:09,BSW,FBC.N,"Federman & Sherwood Investigates Flagstar Bank (Flagstar Bancorp, Inc.) for Data Breach",unknown,Financials,33793070,Data-breach,1.0,,,,,,,,,,FBC,N,2022-06-24
Fortinet Inc,2023-01-14 14:00:59,PUBT,FTNT.O,"Fortinet Inc. - Supply Chain Attack Using Identical PyPI Packages, “colorslib”, “httpslib”, and “libhttps”",NASDAQ/NGS (GLOBAL SELECT MARKET),Technology,3.4959E+11,Supply-Chain,,,,,,,,,,1.0,FTNT,O,2023-01-14
Forward Air Corp,2020-12-21 18:59:55,RTRS,FWRD.O,BRIEF-Forward Air Corp Says All Company's Terminals And Facilities Are Operational - Reuters News,unknown,Industrials,34985310,Ransomware,,,,,1.0,,,,,,FWRD,O,2020-12-21
GSE Systems Inc,2022-09-02 15:58:00,RTRS,GVP.O,"Ransomware group BlackCat behind Italy's GSE hacking, researchers say",unknown,Technology,36227K10,Ransomware,1.0,,,,1.0,,,,,,GVP,O,2022-09-02
Gilead Sciences Inc,2020-05-08 13:17:57,RTRS,GILD.O,EXCLUSIVE-Iran-linked hackers recently targeted coronavirus drugmaker Gilead -sources,unknown,Healthcare,37555810,Code-vulnerability,,,1.0,,,,,,,,GILD,O,2020-05-08
Groupon Inc,2012-11-18 19:00:00,RTRS,GRPN.O,Pro-Palestinian hackers shut down Groupon Israel site,unknown,Consumer Cyclicals,39947320,Shutdown,,,,,,1.0,,,,,GRPN,O,2012-11-18
Groupon Inc,2016-12-22 09:52:00,EVESTA,GRPN.O,Groupon users lose hundreds of pounds after fraudsters target customers in account hack,unknown,Consumer Cyclicals,39947320,Stolen Funds,,,,,,,,,1.0,,GRPN,O,2016-12-22
H World Group Ltd,2018-08-29 01:14:20,XINHUN,HTHT.O,Shanghai police investigate massive data breach of NASDAQ-listed hotel group,unknown,Consumer Cyclicals,44332N10,Data-breach,1.0,,,,,,,,,,HTHT,O,2018-08-29
Hino Motors Ltd,2022-02-28 05:43:12,RTRS,7205.T,"BRIEF-Japan's Hino Motors, Daihatsu To Also Suspend Work At Factories On March 1 After Cyberattack On Toyota Supplier -Nikkei",TOKYO STOCK EXCHANGE,Consumer Cyclicals,43340610,Supply-Chain,,,,,,1.0,,,,,7205,T,2022-02-28
Honeywell International Inc,2023-09-15 11:54:06,GNW,HON.O,Lynch Carpenter Investigates Claims in Honeywell Data Breach,unknown,Consumer Non-Cyclicals,43851610,Data-breach,1.0,,,,,,,,,,HON,O,2023-09-15
IBW Financial Corp,2022-11-22 18:20:32,PRN,IBWC.PK,IBW Financial Corporation Provides Notice of Data Event,OTC MARKETS,Financials,44893920,Data-breach,1.0,,,,,,,,,,IBWC,PK,2022-11-22
IPG Photonics Corp,2020-09-18 13:09:00,RTRS,IPGP.O,"BRIEF-Ipg Photonics Corp Says Detected A Ransomware Attack Impacting Certain Of Its Operational, Information Technology Systems",unknown,Technology,44980X10,Ransomware,,,,,1.0,1.0,,,,,IPGP,O,2020-09-18
Indigo Books and Music Inc,2023-02-09 11:11:04,TWTR,IDG.TO,Indigo Books & Music Inc. is continuing to investigate what it calls a 'cybersecurity incident' affecting its website and electronic payment systems in stores. bit.ly/3XkaNFK,TORONTO STOCK EXCHANGE,Consumer Cyclicals,45567S10,Shutdown,,,,,,1.0,,,,,IDG,TO,2023-02-09
Inogen Inc,2018-04-13 09:34:21,RTRS,INGN.OQ,UPDATE 2-Oxygen device maker Inogen discloses customer data breach,NASDAQ/NGS (GLOBAL SELECT MARKET),Healthcare,45780L10,Shutdown,1.0,,,,,1.0,,,,,INGN,OQ,2018-04-13
Insulet Corp,2023-01-23 13:47:25,TWTR,PODD.O,Insulet hit by data breach affecting 29K insulin pump users,unknown,Healthcare,45784P10,Data-breach,1.0,,,,,,,,,,PODD,O,2023-01-23
Intel Corp,2018-01-02 19:00:00,HAMSPE,INTC.OQ,Hardware vulnerability exposed in majority of computers made in the last decade,NASDAQ/NGS (GLOBAL SELECT MARKET),Technology,45814010,Code-vulnerability,,1.0,,,,,,,,,INTC,OQ,2018-01-02
Intel Corp,2018-08-14 13:12:31,RTRS,INTC.O,MEDIA-Three more data-leaking security holes found in Intel chips- the Register,unknown,Technology,45814010,Code-vulnerability,,1.0,,,,,,,,,INTC,O,2018-08-14
Intel Corp,2021-01-21 17:28:59,RTRS,INTC.O,MEDIA-Intel says hacker obtained financially sensitive information - FT,unknown,Technology,45814010,Data-breach,1.0,,,,,,,,,,INTC,O,2021-01-21
Intuit Inc,2022-04-22 12:52:52,RTRS,INTU.O,Mailchimp says an internal tool was used to breach hundreds of accounts,unknown,Technology,46120210,Data-breach,1.0,,,1.0,,,,,,,INTU,O,2022-04-22
JAKKS Pacific Inc,2022-12-15 17:27:00,RTRS,JAKK.O,"JAKKS PACIFIC INC - ON DEC 14, LEARNED THAT CERTAIN DATA, INCLUDING PERSONAL DATA OF EMPLOYEES, HAD BEEN EXTRACTED FROM COMPANY'S IT SYSTEM",unknown,Consumer Cyclicals,47012E40,Data-breach,1.0,,,,,,,,,,JAKK,O,2022-12-15
Kewaunee Scientific Corp,2021-11-10 17:36:14,RTRS,KEQU.O,BRIEF-Kewaunee Scientific Says Experienced A Criminal Network Cyber-Attack That Led To A Disruption Of Its Domestic Operations,unknown,Industrials,49285410,Shutdown,,,,,,1.0,,,,,KEQU,O,2021-11-10
Lee Enterprises Inc,2021-11-19 17:35:36,RTRS,LEE.O,MEDIA-Iranian hackers broke into newspaper publisher Lee Enterprises ahead of 2020 election - WSJ,unknown,Consumer Cyclicals,52376840,Disinformation,,,1.0,,,,,,,,LEE,O,2021-11-19
Lendingtree Inc,2022-07-15 13:10:11,AMERBA,TREE.O,"LendingTree denies it's the source of a data breach affecting 200,000",unknown,Financials,52603B10,Data-breach,1.0,,,,,,,,,,TREE,O,2022-07-15
Limestone Bancorp Inc,2023-09-15 13:45:32,PRN,LMST.O,Limestone Addresses a Data Security Incident,unknown,Financials,53262L10,Data-breach,1.0,,,,,,,,,,LMST,O,2023-09-15
Loblaw Companies Ltd,2017-02-08 19:00:00,HAMSPE,L.TO,PC Plus rewards collectors warned to beef up passwords after security breach,TORONTO STOCK EXCHANGE,Consumer Non-Cyclicals,53948110,Data-breach,1.0,,,,,,,,,,L,TO,2017-02-08
MKS Instruments Inc,2023-02-06 08:02:29,RTRS,MKSI.O,"MKS INSTRUMENTS INC-ON FEB 3, CO IDENTIFIED IT HAD BECOME SUBJECT TO RANSOMWARE EVENT",unknown,Industrials,55306N10,Ransomware,,,,,1.0,1.0,,,,,MKSI,O,2023-02-06
Magellan Health Inc,2020-05-13 11:52:00,THTPOST,MGLN.O,"Healthcare Giant Magellan Struck with Ransomware, Data Breach",unknown,Healthcare,55907920,Data-breach,1.0,,,1.0,1.0,,,,,,MGLN,O,2020-05-13
Maple Leaf Foods Inc,2022-11-06 23:30:01,CNW,MFI.TO,Maple Leaf Foods Confirms System Outage Linked to Cybersecurity Incident,TORONTO STOCK EXCHANGE,Consumer Non-Cyclicals,56490510,Shutdown,,,,,,1.0,,,,,MFI,TO,2022-11-06
Marriott International Inc,2014-02-03 16:00:19,RTRS,MAR.O,White lodging releases additional information about data breach investigation,unknown,Consumer Cyclicals,57190320,Data-breach,1.0,,,,,,,,,,MAR,O,2014-02-03
Marriott International Inc,2016-08-14 19:03:28,RTRS,MAR.O,"Starwood, Marriott, Hyatt, IHG hit by malware -HEI",unknown,Consumer Cyclicals,57190320,Data-breach,1.0,,,,,,,,,,MAR,O,2016-08-14
Marriott International Inc,2020-03-31 16:11:03,RTRS,MAR.O,Marriott says 5.2 mln guests exposed in new data breach,unknown,Consumer Cyclicals,57190320,Data-breach,1.0,,,,,,,,,,MAR,O,2020-03-31
Marriott International Inc,2022-07-06 10:28:15,TWTR,MAR.O,@psk2329: Marriott International Confirms Another Data Breach -Tech Crunch $MAR https://t.co/SONUXcqLmp,unknown,Consumer Cyclicals,57190320,Data-breach,1.0,,,,,,,,,,MAR,O,2022-07-06
Marten Transport Ltd,2021-10-04 12:00:00,RTRS,MRTN.O,BRIEF-Marten Transport Detected Cyberattack On Oct. 3 That Accessed Encrypted Files On Servers Utilized By Co In Provision Of Its Business,unknown,Industrials,57307510,Shutdown,1.0,,,,,1.0,,,,,MRTN,O,2021-10-04
Meta Platforms Inc,2013-02-14 19:00:00,RTRS,FB.OQ,"facebook hacked, social media company says",NASDAQ/NGS (GLOBAL SELECT MARKET),Technology,30303M10,Code-vulnerability,,,1.0,,,,,,,,FB,OQ,2013-02-14
Meta Platforms Inc,2013-06-20 20:00:00,RTRS,FB.O,facebookadmits year-long data breach exposed 6 million users,unknown,Technology,30303M10,Data-breach,1.0,,,,,,,,,,FB,O,2013-06-20
Meta Platforms Inc,2015-01-27 03:00:37,RTRS,FB.O,"hacker group claims it is behind outages at facebook, other sites",unknown,Technology,30303M10,Shutdown,,,,,,1.0,,,,,FB,O,2015-01-27
Meta Platforms Inc,2015-09-09 08:48:24,RTRS,FB.O,media-hack puts users of whatsapp's web-based service at risk-cnbc,unknown,Technology,30303M10,Code-vulnerability,,1.0,,,,,,,,,FB,O,2015-09-09
Meta Platforms Inc,2017-01-11 15:10:34,WASHPO,FB.OQ,"israel says hamas hacked facebook accounts, cellphones of army recruits",NASDAQ/NGS (GLOBAL SELECT MARKET),Technology,30303M10,Facebook-account-hack,,,,,,,,1.0,,,FB,OQ,2017-01-11
Meta Platforms Inc,2017-09-12 13:02:19,XINHUN,FB.OQ,hackers delete lithuanian defense minister's facebook account,NASDAQ/NGS (GLOBAL SELECT MARKET),Technology,30303M10,Facebook-account-hack,,,,,,,,1.0,,,FB,OQ,2017-09-12
Meta Platforms Inc,2018-03-16 23:48:07,BUSINT,FB.OQ,"Facebook suspends Cambridge Analytica, a controversial data-analysis firm linked to the Trump campaign (FB) - Business Insider",NASDAQ/NGS (GLOBAL SELECT MARKET),Technology,30303M10,Data-breach,1.0,,,,,,,,,,FB,OQ,2018-03-16
Meta Platforms Inc,2019-01-22 05:45:12,ASNEWS,FB.O,srk's son aryan's facebook hacked,unknown,Technology,30303M10,Facebook-account-hack,,,,,,,,1.0,,,FB,O,2019-01-22
Meta Platforms Inc,2019-03-21 10:52:27,RTRS,FB.O,Facebook says issues fixed after finding user passwords in readable format,unknown,Technology,30303M10,Data-breach,1.0,,,,,,,,,,FB,O,2019-03-21
Meta Platforms Inc,2019-03-26 22:06:02,THEGRD,FB.O,"morning mail: brexit offer for may to quit, facebook hacking, mumbai's flamingos",unknown,Technology,30303M10,Data-breach,1.0,,,,,,,,,,FB,O,2019-03-26
Meta Platforms Inc,2019-08-28 15:22:18,WASHPO,FB.O,facebook logs 90 million people out of their accounts after security breach,unknown,Technology,30303M10,Data-breach,1.0,,,,,,,,,,FB,O,2019-08-28
Meta Platforms Inc,2021-03-04 01:17:00,CASGEN,FB.O,"hackers broke into kyrgyz leader's facebook account, left comments allegedly on his behalf",unknown,Technology,30303M10,Facebook-account-hack,,,,,,,,1.0,,,FB,O,2021-03-04
Meta Platforms Inc,2021-09-27 05:01:23,ITARTA,FB.O,"former afghan leaders facebook, where he called for talibans recognition, hacked",unknown,Technology,30303M10,Facebook-account-hack,,,,,,,,1.0,,,FB,O,2021-09-27
Meta Platforms Inc,2022-07-07 13:09:09,RTRS,META.O,"Disneyland's Instagram account hacked with a series of profane, racist posts",unknown,Technology,30303M10,Facebook-account-hack,,,,,,,,1.0,,,META,O,2022-07-07
Meta Platforms Inc,2023-08-18 07:08:21,WATREG,META.O,hackers exploit facebook ad accounts,unknown,Technology,30303M10,Facebook-account-hack,,,,,,,,1.0,,,META,O,2023-08-18
Microsoft Corp,2013-02-21 19:00:00,RTRS,MSFT.O,Microsoft says small number of its computers hacked,unknown,Technology,59491810,Malware,,1.0,,,,,,,,,MSFT,O,2013-02-21
Microsoft Corp,2013-07-08 20:00:00,RTRS,MSFT.O,Microsoft reports hackings linked to report by Google researcher,unknown,Technology,59491810,Code-vulnerability,,1.0,,,,,,,,,MSFT,O,2013-07-08
Microsoft Corp,2014-02-13 20:30:11,RTRS,MSFT.O,Hackers used previously unknown Internet Explorer flaw in new attacks,unknown,Technology,59491810,Code-vulnerability,,1.0,,,,,,,,,MSFT,O,2014-02-13
Microsoft Corp,2014-04-27 17:30:07,RTRS,MSFT.O,Microsoft rushes to fix browser after attacks  no fix for XP users,NASDAQ/NGS (GLOBAL SELECT MARKET),Technology,59491810,Code-vulnerability,,1.0,,,,,,,,,MSFT,O,2014-04-27
Microsoft Corp,2014-06-30 15:35:50,RTRS,MSFT.O,"Microsoft says disrupts cybercrime rings with roots in Kuwait, Algeria",unknown,Technology,59491810,Mitigation,,,,,,,,,,1.0,MSFT,O,2014-06-30
Microsoft Corp,2015-01-19 07:07:27,RTRS,MSFT.O,"REFILE-After Gmail blocked in China, Microsoft's Outlook hacked, says GreatFire",unknown,Technology,59491810,MITM,,1.0,,,,,,,,,MSFT,O,2015-01-19
Microsoft Corp,2016-11-01 15:27:15,RTRS,MSFT.O,Microsoft says Russia-linked hackers exploiting Windows flaw,unknown,Technology,59491810,Code-vulnerability,,1.0,,,,,,,,,MSFT,O,2016-11-01
Microsoft Corp,2017-04-26 20:33:39,RTRS,MSFT.O,REFILE-Hackers exploited Word flaw for months while Microsoft investigated,unknown,Technology,59491810,Code-vulnerability,,1.0,,,,,,,,,MSFT,O,2017-04-26
Microsoft Corp,2017-05-12 14:37:18,RTRS,MSFT.O,Don't click: What is the 'ransomware' WannaCry worm?,NASDAQ/NGS (GLOBAL SELECT MARKET),Technology,59491810,Ransomware,,1.0,,,,,,,,,MSFT,O,2017-05-12
Microsoft Corp,2017-06-28 01:14:14,INDEPE,MSFT.O,"WRAPUP 7-Cyber attack sweeps globe, researchers see 'WannaCry' link",unknown,Technology,59491810,Ransomware,,1.0,,,,,,,,,MSFT,O,2017-06-28
Microsoft Corp,2018-08-21 02:22:24,RTRS,MSFT.O,Russian hacking of conservative groups sites thwarted,unknown,Technology,59491810,Mitgation-special,,,,,,,,,,1.0,MSFT,O,2018-08-21
Microsoft Corp,2019-12-07 16:45:15,ASNEWS,MSFT.O,Microsoft discovers 44 million accounts using breached passwords,unknown,Technology,59491810,Data-breach,1.0,,,,,,,,,,MSFT,O,2019-12-07
Microsoft Corp,2020-12-14 04:46:43,RTRS,MSFT.O,Suspected Russian hackers spied on U.S. Treasury emails,unknown,Technology,59491810,Code-vulnerability,,1.0,,,,,,,,,MSFT,O,2020-12-14
Microsoft Corp,2022-07-29 13:35:17,RTRS,MSFT.O,Austrian spy firm accused by Microsoft says hacking tool was for EU states,unknown,Technology,59491810,Code-vulnerability,,1.0,,,,,,,,,MSFT,O,2022-07-29
Microsoft Corp,2022-10-01 02:00:56,HANIND,MSFT.O,Hackers exploiting 2 new zero-day bugs in Exchange Server: Microsoft1 Oct 2022 5:20 AM GMT,unknown,Technology,59491810,Code-vulnerability,,1.0,,,,,,,,,MSFT,O,2022-10-01
Microsoft Corp,2023-06-17 18:24:10,ASSOPR,MSFT.O,"Microsoft says early June disruptions to Outlook, cloud platform, were cyberattacks",unknown,Technology,59491810,Ddos,,,,,,1.0,,,,,MSFT,O,2023-06-17
Microsoft Corp,2023-09-06 14:58:13,RTRS,MSFT.O,MICROSOFT SAYS CHINA HACK OF US GOVERNMENT DEPARTMENTS STEMMED FROM COMPROMISE OF MICROSOFT ENGINEER'S CORPORATE ACCOUNT,unknown,Technology,59491810,Data-breach,1.0,,,,,,,,,,MSFT,O,2023-09-06
Middlefield Banc Corp,2023-04-21 17:04:33,EDG,MBCN.O,8k – form,unknown,Financials,59630420,Shutdown,,,,,,1.0,,,,,MBCN,O,2023-04-21
Minerva Neurosciences Inc,2019-10-01 08:27:37,RTRS,NERV.O,BUZZ-Minerva slides as cyber attack disrupts schizophrenia drug trial,unknown,Healthcare,60338020,Code-vulnerability,,,,,,1.0,,,,,NERV,O,2019-10-01
Moderna Inc,2020-07-30 14:16:17,RTRS,MRNA.O,EXCLUSIVE-Chinese-backed hackers targeted COVID-19 vaccine firm Moderna,unknown,Healthcare,60770K10,Data-breach,1.0,,,,,,,,,,MRNA,O,2020-07-30
Moderna Inc,2020-12-15 14:12:27,RTRS,MRNA.O,Moderna COVID-19 vaccine documents accessed in EMA cyberattack,unknown,Healthcare,60770K10,Data-breach,1.0,,,,,,,,,,MRNA,O,2020-12-15
Mondelez International Inc,2017-06-27 21:47:57,RTRS,MDLZ.O,Mondelez says cyber-attack affected systems up and running,unknown,Consumer Non-Cyclicals,60920710,Shutdown,,,,,,1.0,,,,,MDLZ,O,2017-06-27
Morningstar Inc,2013-07-04 20:00:00,RTRS,MORN.O,Morningstar says clients' credit card data may have been leaked,unknown,Industrials,61770010,Data-breach,1.0,,,,,,,,,,MORN,O,2013-07-04
NVIDIA Corp,2018-01-10 07:34:22,RTRS,NVDA.O,"Nvidia says some chipsets hit by Spectre, gives security patches",unknown,Technology,67066G10,Code-vulnerability,,1.0,,,,,,,,,NVDA,O,2018-01-10
NVIDIA Corp,2022-02-25 14:27:42,RTRS,NVDA.O,Chipmaker Nvidia investigating potential cyberattack - report,unknown,Technology,67066G10,Shutdown,,,,,,1.0,,,,,NVDA,O,2022-02-25
Nasdaq Inc,2013-07-17 20:00:00,RTRS,NDAQ.O,"Nasdaq forum website hacked, passwords compromised",unknown,Financials,63110310,Data-breach,1.0,,,,,,,,,,NDAQ,O,2013-07-17
Netflix Inc,2016-12-21 09:00:37,RTRS,NFLX.OQ,Hacker group takes over Netflix Twitter account,NASDAQ/NGS (GLOBAL SELECT MARKET),Technology,64110L10,Twitter-account-hack,,1.0,,,,,1.0,,,,NFLX,OQ,2016-12-21
Netflix Inc,2017-04-29 16:09:33,HAMSPE,NFLX.OQ,"'Dark Overlord' hacker releases stolen Netflix episodes, threatens more leaks",NASDAQ/NGS (GLOBAL SELECT MARKET),Technology,64110L10,Ransomware,1.0,,,,1.0,,,,,,NFLX,OQ,2017-04-29
News Corp,2022-02-04 00:49:00,INDEPE,NWSA.O,News Corp says it was hacked  believed to be linked to China,unknown,Consumer Cyclicals,65249B10,Data-breach,1.0,,,,,,,,,,NWSA,O,2022-02-04
NextGen Healthcare Inc,2023-05-08 11:19:07,WHADAY,NXGN.O,NextGen Healthcare says hackers have gained access to personal data of more than 1 million patients,unknown,Technology,65343C10,Data-breach,1.0,,,,,,,,,,NXGN,O,2023-05-08
Novavax Inc,2020-12-02 10:10:49,RTRS,NVAX.O,"North Korea-linked hackers targeted J&J, Novavax in hunt for COVID research",unknown,Healthcare,67000240,Data-breach,1.0,,,,,,,,,,NVAX,O,2020-12-02
Nuance Communications Inc,2017-06-27 08:50:11,RTRS,NUAN.OQ,BRIEF-Nuance comments on malware incident,unknown,Technology,67020Y10,Malware,,,1.0,,,,,,,,NUAN,OQ,2017-06-27
ODP Corp,2021-03-03 16:41:49,RTRS,ODP.O,BRIEF-Compucom Issues Statement Regarding Malware Incident,unknown,Consumer Cyclicals,88337F10,Malware,,,,,,1.0,,,,,ODP,O,2021-03-03
OPKO Health Inc,2019-06-06 09:37:06,RTRS,OPK.OQ,"BUZZ-Opko Health: Down on notice of data breach impacting nearly 422,600 patients",NASDAQ/NGS (GLOBAL SELECT MARKET),Healthcare,68375N10,Data-breach,1.0,,,,,,,,,,OPK,OQ,2019-06-06
Okta Inc,2022-03-21 19:00:00,USADAY,OKTA.O,Okta denies data breach after hackers claim they gained access to internal information,unknown,Technology,67929510,Data-breach,1.0,,,,,,,,,,OKTA,O,2022-03-21
Okta Inc,2022-12-21 09:45:24,TWTR,OKTA.O,EXCLUSIVE: #Okta says its GitHub source code repositories were stolen this December in a 'confidential' security notification sent to 'security contacts' that include IT managers at various organizations. ,unknown,Technology,67929510,Data-breach,,1.0,,,,,,,,,OKTA,O,2022-12-21
Olympia Financial Group Inc,2019-02-03 21:10:22,RTRS,OLY.TO,BRIEF-Olympia Says Co Was Subject To Ransomware Cyber Attack On Its Information Technology Systems,TORONTO STOCK EXCHANGE,Financials,68147210,Shutdown,,,,,1.0,1.0,,,,,OLY,TO,2019-02-03
Omnicell Inc,2022-05-09 09:00:23,RTRS,OMCL.O,"BRIEF-Omnicell - On May 4, 2022, Co Determined Certain Information Technology Systems Affected By Ransomware Impacting Certain Internal Systems",unknown,Healthcare,68213N10,Ransomware,,,,,1.0,1.0,,,,,OMCL,O,2022-05-09
Optex Systems Holdings Inc,2021-07-19 16:49:04,RTRS,OPXS.PK,"BRIEF-Optex Systems Holdings Inc - On July 13, Co Experienced A Ransomware Attack",unknown,Industrials,68384X20,Ransomware,,,,,,1.0,,,,,OPXS,PK,2021-07-19
Optical Cable Corp,2023-06-30 17:02:12,RTRS,OCC.O,8k – form,unknown,Technology,68382720,Code-vulnerability,,,1.0,,,,,,,,OCC,O,2023-06-30
Pacific Premier Bancorp Inc,2023-07-25 06:04:26,RTRS,PPBI.O,8k - form,unknown,Financials,69478X10,Data-breach,1.0,,,,,,,,,,PPBI,O,2023-07-25
PayPal Holdings Inc,2016-10-21 15:35:15,RTRS,PYPL.O,PayPal says some customers unable to make payments due to cyber attack on Dyn,unknown,Industrials,70450Y10,Shutdown,,,,,,1.0,,,,,PYPL,O,2016-10-21
PayPal Holdings Inc,2017-12-01 16:33:53,RTRS,PYPL.OQ,PayPal's Newly Acquired Unit TIO Networks Suffers Data Breach,NASDAQ/NGS (GLOBAL SELECT MARKET),Industrials,70450Y10,Data-breach,1.0,,,,,,,,,,PYPL,OQ,2017-12-01
PayPal Holdings Inc,2018-08-11 05:04:24,THEGRD,PYPL.O,Hackers accessing PayPal via voicemail? Security expert says it's possible,unknown,Industrials,70450Y10,Code-vulnerability,,1.0,,,,,,,,,PYPL,O,2018-08-11
PayPal Holdings Inc,2023-01-19 15:23:39,TWTR,PYPL.O,Thousands Of PayPal Accounts Hacked—Is Yours One Of Them?,unknown,Industrials,70450Y10,Data-breach,1.0,,,,,,,,,,PYPL,O,2023-01-19
Polished.Com Inc,2023-05-26 16:41:50,RTRS,POL.A,BRIEF-Polished.Com Experiences Hacking Attack Impacting Check-Out Page On Its Website,NYSE MKT LLC,Consumer Cyclicals,28252C10,Shutdown,,,,,,1.0,,,,,POL,A,2023-05-26
Progress Software Corp,2023-06-01 19:39:59,TWTR,PRGS.O,"Hackers use flaw in popular file transfer tool to steal data, U.S. researchers say",unknown,Technology,74331210,Data-breach,1.0,,,,,,,,,,PRGS,O,2023-06-01
Progress Software Corp,2023-07-10 15:33:36,TWTR,PRGS.O,1st Source Bank says it is another victim of Progress Software’s MOVEit hack ,unknown,Technology,74331210,Data-breach,1.0,1.0,,,,,,,,,PRGS,O,2023-07-10
Quicklogic Corp,2023-03-14 16:26:33,RTRS,QUIK.O,8k – form,unknown,Technology,74837P40,Ransomware,,,,,1.0,,,,,,QUIK,O,2023-03-14
RR Donnelley & Sons Co,2021-12-28 11:31:22,RTRS,RRD.N,BUZZ-RR Donnelley down after reporting system breach,unknown,Industrials,25786720,Code-vulnerability,,,,,,1.0,,,,,RRD,N,2021-12-28
Rackspace Technology Inc,2022-12-06 08:30:00,RTRS,RXT.O,RACKSPACE TECHNOLOGY INC SAYS ANNOUNCES RANSOMWARE INCIDENT AFFECTING ITS HOSTED EXCHANGE ENVIRONMENT,unknown,Technology,75010210,Ransomware,,,,,1.0,1.0,,,,,RXT,O,2022-12-06
Radiant Logistics Inc,2021-12-13 08:41:40,RTRS,RLGT.A,BRIEF-Radiant Logistics Says Detected A Ransomware Incident Impacting Its Operational And Information Technology Systems,NYSE MKT LLC,Industrials,75025X10,Ransomware,,,,,1.0,1.0,,,,,RLGT,A,2021-12-13
Reckitt Benckiser Group PLC,2017-06-28 05:29:08,RINB,RBGLY.PK,BRIEF-Reckitt Benckiser says some markets to experience delays after cyber attack,OTC MARKETS,Consumer Non-Cyclicals,75625520,Shutdown,,,,,,1.0,,,,,RBGLY,PK,2017-06-28
Robinhood Markets Inc,2020-10-09 15:13:54,RTRS,HOOD.O,Robinhood says some customer accounts may have become target of hackers,unknown,Technology,77070010,Data-breach,1.0,,,,,,,,,,HOOD,O,2020-10-09
Robinhood Markets Inc,2021-11-08 16:34:43,RTRS,HOOD.O,UPDATE 1-Robinhood says email addresses of 5 mln customers exposed in security breach,unknown,Technology,77070010,Data-breach,1.0,,,,,,,,,,HOOD,O,2021-11-08
Rumble Inc,2022-09-04 14:11:02,RTRS,RUM.O,VIDEO PLATFORM RUMBLE SAYS IT IS UNDEROING A MASSIVE DDOS ATTACK- TWEET,unknown,Technology,78137L10,Ddos,,,,,,1.0,,,,,RUM,O,2022-09-04
Rumble Inc,2022-11-15 20:50:34,RTRS,RUM.O,BRIEF-Rumble Says Co Is Currently Under A DDOS Attack - Tweet,unknown,Technology,78137L10,Ddos,,,,,,1.0,,,,,RUM,O,2022-11-15
Sabre Corp,2015-08-07 05:44:33,RTRS,SABR.O,"China-linked hackers breach American Airlines, Sabre systems - Bloomberg",unknown,Technology,78573M10,Code-vulnerability,,,1.0,,,,,,,,SABR,O,2015-08-07
Sabre Corp,2017-05-03 11:44:52,RTRS,SABR.O,Sabre hires Mandiant to probe breach in hotel reservation system,unknown,Technology,78573M10,Code-vulnerability,,,1.0,,,,,,,,SABR,O,2017-05-03
Sabre Corp,2023-09-06 13:53:09,TWTR,SABR.O,Ransomware gang claims credit for Sabre data breach [Yahoo! UK],unknown,Technology,78573M10,Data-breach,1.0,,,,,,,,,,SABR,O,2023-09-06
Salem Media Group Inc,2020-08-13 07:30:56,RTRS,SALM.O,BRIEF-Salem Media Says Co Detected Ransomware Attack Impacting Certain Of Its Operational & IT Systems,unknown,Consumer Cyclicals,79409310,Ransomware,,,,,1.0,1.0,,,,,SALM,O,2020-08-13
Sangoma Technologies Corp,2020-12-24 08:41:30,RTRS,STC.V,BRIEF-Sangoma Technologies Confirms Data Breach As Result Of Ransomware Attack,TORONTO STOCK EXCHANGE,Technology,80100R40,Ransomware,1.0,,,,1.0,,,,,,STC,V,2020-12-24
Scansource Inc,2023-05-16 16:20:00,RTRS,SCSC.O,ScanSource Provides Information on Cybersecurity Incident,unknown,Technology,80603710,Ransomware,,,,,1.0,,,,,,SCSC,O,2023-05-16
Sears Holdings Corp,2014-10-10 17:30:26,RTRS,SHLDQ.PK,SEARS HOLDINGS CORP SAYS KMART IS DEPLOYING FURTHER ADVANCED SOFTWARE TO PROTECT CUSTOMERS' INFORMATION,unknown,Consumer Cyclicals,81235010,Data-breach,1.0,,,,,,,,,,SHLDQ,PK,2014-10-10
Shopify Inc,2019-06-14 20:10:18,STRAIT,SHOP.TO,"Florist loses $24,000 to hackers on Shopify",TORONTO STOCK EXCHANGE,Technology,82509L10,Stolen Funds,,,,,,,,,1.0,,SHOP,TO,2019-06-14
Shopify Inc,2020-09-22 17:53:49,RTRS,SHOP.TO,BUZZ-Shopify: Falls after data breach of less than 200 merchants,TORONTO STOCK EXCHANGE,Technology,82509L10,Data-breach,1.0,,,,,,,,,,SHOP,TO,2020-09-22
Sinclair Inc,2021-10-18 08:23:11,RTRS,SBGI.O,U.S. TV station operator Sinclair hit by ransomware attack,unknown,Consumer Cyclicals,82924210,Ransomware,,,,,1.0,,,,,,SBGI,O,2021-10-18
SmileDirectClub Inc,2021-05-03 17:02:53,ZACKSC,SDC.O,BUZZ-SmileDirectClub: Falls as systems outage to impact Q2 results,OTC MARKETS,Healthcare,83192H10,Shutdown,,,,,,1.0,,,,,SDC,O,2021-05-03
Sophos Group Ltd,2022-12-13 13:14:07,PUBT,SHPPY.PK,Sophos Group Ltd. - Sophos Endpoint Tamper Protection Thwarts a Sophisticated Ransomware Attack,unknown,Technology,83578710,Mitigation,,,,,1.0,,,,,1.0,SHPPY,PK,2022-12-13
Starbucks Corp,2017-05-16 11:10:10,RTRS,SBUX.OQ,Payment system outages hit some Starbucks stores,NASDAQ/NGS (GLOBAL SELECT MARKET),Consumer Cyclicals,85524410,Code-vulnerability,,,,,,1.0,,,,,SBUX,OQ,2017-05-16
Starbucks Corp,2022-09-16 05:11:23,CHAASI,SBUX.O,"Starbucks Singapore hit by data breach involving customers' names, email and mobile numbers",unknown,Consumer Cyclicals,85524410,Data-breach,1.0,,,,,,,,,,SBUX,O,2022-09-16
Stelco Holdings Inc,2020-10-25 17:58:06,RTRS,STLC.TO,BRIEF-Stelco Announces Cybersecurity Attack,TORONTO STOCK EXCHANGE,Basic Materials,85852210,Shutdown,,,,,,1.0,,,,,STLC,TO,2020-10-25
Suncor Energy Inc,2023-06-25 23:57:31,NFC,SU.TO,Suncor Energy Responds to Cyber Security Incident,TORONTO STOCK EXCHANGE,Energy,86722410,Shutdown,,,,,,1.0,,,,,SU,TO,2023-06-25
T Stamp Inc,2022-05-20 16:53:24,RTRS,IDAI.O,MEDIA-Trust Stamp had dozens of peoples' data exposed in a data breach- Business Insider,unknown,Technology,87304840,Data-breach,1.0,,,,,,,,,,IDAI,O,2022-05-20
T-Mobile US Inc,2015-10-01 19:51:35,RTRS,TMUS.O,Connecticut says will investigate Experian breach of T-Mobile data,unknown,Technology,87259010,Data-breach,1.0,,,,,,,,,,TMUS,O,2015-10-01
T-Mobile US Inc,2018-08-24 02:26:22,WASHPO,TMUS.O,"T-Mobile Says On August 20, Cyber-Security Team Discovered And Shut Down Unauthorized Access To Certain Information",unknown,Technology,87259010,Data-breach,1.0,,,,,,,,,,TMUS,O,2018-08-24
T-Mobile US Inc,2019-11-22 15:36:22,BUSINT,TMUS.O,T-Mobile just told some customers that there was a data breach of their personal information. Here's how to check if you're affected. (TMUS),unknown,Technology,87259010,Data-breach,1.0,,,,,,,,,,TMUS,O,2019-11-22
T-Mobile US Inc,2021-01-03 21:11:33,RTRS,TMUS.O,MEDIA-T-Mobile says hackers accessed some customer call records in data breach - Techcrunch,unknown,Technology,87259010,Data-breach,1.0,,,,,,,,,,TMUS,O,2021-01-03
T-Mobile US Inc,2021-08-15 11:13:59,BUSINT,TMUS.O,T-Mobile Investigating Claims Of Massive Customer Data Breach,unknown,Technology,87259010,Data-breach,1.0,,,,,,,,,,TMUS,O,2021-08-15
T-Mobile US Inc,2023-05-01 18:07:45,TWTR,TMUS.OQ,"@Capital_FinServ: Retweeted @BleepinComputer: T-Mobile is alerting customers of a second data breach since the start of the year after discovering that attackers had access to some customers' personal information for more than a month, starting late February 2023 - @serghei https://t.co/Itle9iBZyq",NASDAQ/NGS (GLOBAL SELECT MARKET),Technology,87259010,Data-breach,1.0,,,,,,,,,,TMUS,OQ,2023-05-01
T2 Biosystems Inc,2019-11-12 08:04:33,RTRS,TTOO.O,BRIEF-T2 Biosystems Reports Q3 Revenue Of $1.6 Mln,unknown,Healthcare,89853L20,Code-vulnerability,,,1.0,,,,,,,,TTOO,O,2019-11-12
TVA Group Inc,2017-09-12 13:19:40,RTRS,TVAb.TO,"TVA-‍BREACHED DATA DID CONTAIN PERSONAL INFORMATION PERTAINING TO ABOUT 1 MLN ANGLOPHONE, FRANCOPHONE USERS OF CANOE SITES FROM PERIOD​ IN WHICH BR...",TORONTO STOCK EXCHANGE,Consumer Cyclicals,87294820,Data-breach,1.0,,,,,,,,,,TVAb,TO,2017-09-12
Take-Two Interactive Software Inc,2022-09-18 18:18:20,TWTR,TTWO.OQ,Dozens of gameplay videos from Rockstar Games’ upcoming “Grand Theft Auto VI” videogame have been leaked online — and the hacker who’s taking credit for it also claims to be behind Uber’s recent data breach.,NASDAQ/NGS (GLOBAL SELECT MARKET),Technology,87405410,Data-breach,1.0,,,,,,,,,,TTWO,OQ,2022-09-18
Tecogen Inc,2023-05-03 12:39:53,RTRS,TGEN.PK,8k – form,OTC MARKETS,Industrials,87876P20,Ransomware,,,,,1.0,,,,,,TGEN,PK,2023-05-03
Telefonica SA,2017-05-12 09:18:47,RTRS,TEF.MC,"CORRECTED-UPDATE 2-Telefonica, other Spanish firms hit in ""ransomware"" attack",BOLSA DE MADRID,Technology,87938210,Ransomware,,,,,1.0,,,,,,TEF,MC,2017-05-12
Telkonet Inc,2021-09-28 01:00:00,TROREP,TKOI.PK,TELKONET INC: Hit by Ransomware Cyber Attack,OTC MARKETS,Industrials,87960410,Ransomware,,,,,1.0,,,,,,TKOI,PK,2021-09-28
Tesla Inc,2015-08-06 07:47:12,RTRS,TSLA.O,Hackers turn off Tesla Model S at low speed - FT,unknown,Consumer Cyclicals,88160R10,Code-vulnerability,,1.0,,,,,,,,,TSLA,O,2015-08-06
Tesla Inc,2016-09-20 17:11:16,RTRS,TSLA.OQ,Tesla fixes security bugs after claims of Model S hack,NASDAQ/NGS (GLOBAL SELECT MARKET),Consumer Cyclicals,88160R10,Code-vulnerability,,1.0,,,,,,,,,TSLA,OQ,2016-09-20
Tesla Inc,2018-06-18 19:01:45,RTRS,TSLA.O,Tesla accuses former employee of hacking and transferring data,unknown,Consumer Cyclicals,88160R10,Data-breach,1.0,,,1.0,,,,,,,TSLA,O,2018-06-18
Tesla Inc,2018-09-10 16:56:28,BUSINT,TSLA.O,A group of researchers showed how a Tesla Model S can be hacked and stolen in seconds using only $600 worth of equipment (TSLA),unknown,Consumer Cyclicals,88160R10,Code-vulnerability,,1.0,,,,,,,,,TSLA,O,2018-09-10
Tesla Inc,2020-05-04 21:41:00,BUSINT,TSLA.O,"A 'white-hat' hacker found old Tesla computers for sale on eBay that still had owners' data like addresses, wi-fi passwords and Netflix 'cookies' (...",unknown,Consumer Cyclicals,88160R10,Code-vulnerability,1.0,1.0,,,,,,,,,TSLA,O,2020-05-04
Tesla Inc,2020-08-27 20:21:11,RTRS,TSLA.O,MEDIA-Musk confirms Tesla factory was target of thwarted cyberattack - Bloomberg News,unknown,Consumer Cyclicals,88160R10,Mitigation,,,,,,,,,,1.0,TSLA,O,2020-08-27
Tesla Inc,2020-11-23 10:36:22,RTRS,TSLA.O,BRIEF-Tesla Model X Gets Hacked Through New Relay Attack - Electrek,unknown,Consumer Cyclicals,88160R10,Code-vulnerability,,1.0,,,,,,,,,TSLA,O,2020-11-23
Tesla Inc,2021-05-13 14:32:45,RTRS,TSLA.O,MEDIA-Group of security researchers hack Tesla car using drone - Electrek,unknown,Consumer Cyclicals,88160R10,Code-vulnerability,,1.0,,,,,,,,,TSLA,O,2021-05-13
Tesla Inc,2022-01-14 19:00:00,ECLPCM,TSLA.O,Russian Federation : Hacker hacked Tesla electric cars in 13 countries thanks to software vulnerability IT specialist got remote access to the func...,unknown,Consumer Cyclicals,88160R10,Code-vulnerability,,1.0,,,,,,,,,TSLA,O,2022-01-14
Tesla Inc,2023-08-07 14:08:08,INDEPE,TSLA.O,Hackers crack Tesla software to get free features,unknown,Consumer Cyclicals,88160R10,Code-vulnerability,,1.0,,,,,,,,,TSLA,O,2023-08-07
Toronto-Dominion Bank,2022-11-28 14:12:03,TORSTA,TD.TO,TD Bank and Canada Post put MyMoney consumer loan program 'on pause' indefinitely after apparent cyber attack,TORONTO STOCK EXCHANGE,Financials,89116050,Code-vulnerability,,,,,,1.0,,,,,TD,TO,2022-11-28
TransAct Technologies Inc,2022-11-16 09:34:46,MARCON,TACT.O,"TransAct Technologies Discovered Criminal Cybersecurity Incident Impacting Operational, Information Technology Systems",unknown,Technology,89291810,Shutdown,,,,,,1.0,,,,,TACT,O,2022-11-16
Tripadvisor Inc,2014-09-22 14:00:13,RTRS,TRIP.OQ,BUZZ-TripAdvisor Inc: Unit reports data breach,NASDAQ/NGS (GLOBAL SELECT MARKET),Consumer Cyclicals,89694520,Data-breach,1.0,,,,,,,,,,TRIP,OQ,2014-09-22
Turkiye Garanti Bankasi AS,2015-12-24 23:17:00,RINB,TKGZY.PK,"Turkiye Garanti Bankasi AS - Turkish banks fend off cyberattacks, some transactions hit - Reuters",OTC MARKETS,Financials,90014860,Shutdown,,,,,,1.0,,,,,TKGZY,PK,2015-12-24
Twitter Inc,2013-04-21 20:00:00,RTRS,TWTR.N,Soccer-FIFA President Blatter's Twitter account hacked,unknown,Technology,90184L10,Twitter-account-hack,,,,,,,1.0,,,,TWTR,N,2013-04-21
Twitter Inc,2013-08-27 23:01:19,RTRS,TWTR.N,"CORRECTED-UPDATE 1-New York Times, Twitter hacked by Syrian group",unknown,Technology,90184L10,Shutdown,,,,,,1.0,,,,,TWTR,N,2013-08-27
Twitter Inc,2015-01-11 19:00:00,RTRS,TWTR.N,UPDATE 5-Apparent Islamic State backers hack U.S. military Twitter feed,unknown,Technology,90184L10,Twitter-account-hack,,,,,,,1.0,,,,TWTR,N,2015-01-11
Twitter Inc,2016-06-07 12:55:58,RTRS,TWTR.N,"NFL's Twitter account hacked, commissioner is fine -NFL",unknown,Technology,90184L10,Twitter-account-hack,,,,,,,1.0,,,,TWTR,N,2016-06-07
Twitter Inc,2016-10-12 22:00:15,BUSINT,TWTR.N,'I've switched teams': A top Hillary Clinton campaign official's Twitter account got hacked,unknown,Technology,90184L10,Twitter-account-hack,,,,,,,1.0,,,,TWTR,N,2016-10-12
Twitter Inc,2016-12-21 09:00:37,RTRS,TWTR.N,Hacker group takes over Netflix Twitter account,unknown,Technology,90184L10,Twitter-account-hack,,,,,,,1.0,,,,TWTR,N,2016-12-21
Twitter Inc,2017-02-27 17:10:10,RTRS,TWTR.N,"TWITTER INC - IN OCTOBER 2016, CO EXPERIENCED A SERVICE OUTAGE AS A RESULT OF SEVERAL DISTRIBUTED DENIAL OF SERVICE ATTACKS ON ITS DOMAIN NAME SERV...",unknown,Technology,90184L10,Ddos,,,,,,1.0,,,,,TWTR,N,2017-02-27
Twitter Inc,2017-06-03 00:01:00,XINHUN,TWTR.N,Bahraini FM's Twitter account hacked,unknown,Technology,90184L10,Twitter-account-hack,,,,,,,1.0,,,,TWTR,N,2017-06-03
Twitter Inc,2017-08-16 20:00:00,WATREG,TWTR.N,"HBO, 'Game of Thrones' Twitter accounts hacked by ourmine",unknown,Technology,90184L10,Twitter-account-hack,,,,,,,1.0,,,,TWTR,N,2017-08-16
Twitter Inc,2017-11-20 12:31:11,RTRS,TWTR.N,Zimbabwe minister Moyo's Twitter account hacked - family member,unknown,Technology,90184L10,Twitter-account-hack,,,,,,,1.0,,,,TWTR,N,2017-11-20
Twitter Inc,2018-02-06 05:45:05,ASNEWS,TWTR.N,Anupam Kher's Twitter account hacked,unknown,Technology,90184L10,Twitter-account-hack,,,,,,,1.0,,,,TWTR,N,2018-02-06
Twitter Inc,2018-08-12 14:40:08,WASHPO,TWTR.N,"NBC reporter's Twitter account posts Trump threats, Turkish propaganda after apparent hack",unknown,Technology,90184L10,Twitter-account-hack,,,,,,,1.0,,,,TWTR,N,2018-08-12
Twitter Inc,2018-12-31 09:43:39,ZACKSC,TWTR.N,Twitter Accounts Get Hacked for Demo to Reveal Security Gaps,unknown,Technology,90184L10,Code-vulnerability,,,,,,,,,,,TWTR,N,2018-12-31
Twitter Inc,2019-06-11 09:42:44,HINDUT,TWTR.N,"After Amitabh Bachchan, Adnan Sami's Twitter account hacked, profile pic changed to Pakistan PM Imran Khan",unknown,Technology,90184L10,Twitter-account-hack,,,,,,,1.0,,,,TWTR,N,2019-06-11
Twitter Inc,2019-08-30 16:01:01,RTRS,TWTR.N,Twitter CEO Jack Dorsey's account apparently hacked,unknown,Technology,90184L10,Twitter-account-hack,,,,,,,1.0,,,,TWTR,N,2019-08-30
Twitter Inc,2019-11-06 16:46:35,BUSINT,TWTR.N,Saudi Arabia reportedly paid Twitter employees to spy on users. Cybersecurity experts say insider spying is an issue that goes beyond Twitter. (TWTR),unknown,Technology,90184L10,Data-breach,1.0,,,1.0,,,,,,,TWTR,N,2019-11-06
Twitter Inc,2020-01-08 07:45:07,KUWANA,TWTR.N,Info. Min. forms independent cmte to probe KUNA Twitter hacking,unknown,Technology,90184L10,Twitter-account-hack,,,,,,,1.0,,,,TWTR,N,2020-01-08
Twitter Inc,2020-03-14 02:04:09,HINDUT,TWTR.N,Speaker's Twitter account hacked to post misleading information: MP assembly,unknown,Technology,90184L10,Twitter-account-hack,,,,,,,1.0,,,,TWTR,N,2020-03-14
Twitter Inc,2020-05-29 05:18:36,HINDUT,TWTR.N,Former Pakistan legend Waqar Younis leaves social media after his Twitter account is hacked again,unknown,Technology,90184L10,Twitter-account-hack,,,,,,,1.0,,,,TWTR,N,2020-05-29
Twitter Inc,2020-07-15 16:56:02,BUSINT,TWTR.N,High profile Twitter accounts were hacked,unknown,Technology,90184L10,Twitter-account-hack,,,,,,,1.0,,,,TWTR,N,2020-07-15
Twitter Inc,2020-12-16 18:12:00,EVESTA,TWTR.N,Hacker 'logs into Donald Trump's Twitter account by guessing his password was MAGA2020!',unknown,Technology,90184L10,Twitter-account-hack,,,,,,,1.0,,,,TWTR,N,2020-12-16
Twitter Inc,2021-07-18 13:45:10,ASNEWS,TWTR.N,"AIMIM's official Twitter handle hacked, name changed to Elon Musk  restored hours later",unknown,Technology,90184L10,Twitter-account-hack,,,,,,,1.0,,,,TWTR,N,2021-07-18
Twitter Inc,2022-01-12 02:10:55,MINTNE,TWTR.N,"I&B ministry's Twitter account briefly hacked, restored later",unknown,Technology,90184L10,Twitter-account-hack,,,,,,,1.0,,,,TWTR,N,2022-01-12
Twitter Inc,2022-04-09 09:45:10,ASNEWS,TWTR.N,Cyber experts to probe hacking of UP CMO's Twitter account,unknown,Technology,90184L10,Twitter-account-hack,,,,,,,1.0,,,,TWTR,N,2022-04-09
Twitter Inc,2022-07-03 16:49:09,RTRS,TWTR.N,UPDATE 3-British Army's Twitter and YouTube accounts restored after hack,unknown,Technology,90184L10,Twitter-account-hack,,,,,,,1.0,,,,TWTR,N,2022-07-03
Twitter Inc,2022-09-04 09:51:28,PRETRU,TWTR.N,TN Minister's Twitter account briefly hacked,unknown,Technology,90184L10,Twitter-account-hack,,,,,,,1.0,,,,TWTR,N,2022-09-04
Twitter Inc,2022-08-05 18:26:57,RTRS,TWTR.N,Millions of Twitter users hacked in 'colossal' security breach,unknown,Technology,90184L10,Data-breach,1.0,,,,,,,,,,TWTR,N,2022-08-05
Twitter Inc,2023-03-05 06:37:29,TIMNOW,TWTR.N,Honda Motorcycle and Scooter India's Twitter account hacked!,unknown,Technology,90184L10,Twitter-account-hack,,,,,,,1.0,,,,TWTR,N,2023-03-05
Twitter Inc,2023-08-28 22:07:37,EVESTA,TWTR.N,Who are Anonymous Sudan? Hacker group behind behind Twitter outage mocks Elon Musk's rebrand,unknown,Technology,90184L10,Shutdown,,,,,,1.0,,,,,TWTR,N,2023-08-28
U-Haul Holding Co,2022-09-09 16:10:07,PUBT,UHAL.O,Form – 8k,unknown,Industrials,02358610,Data-breach,1.0,,,,,,,,,,UHAL,O,2022-09-09
US Aerospace Inc,2020-09-17 18:00:38,WASHPO,USAE.PK,Iranian men accused of hacking U.S. aerospace companies,OTC MARKETS,Industrials,90345G10,Data-breach,1.0,,,,,,,,,,USAE,PK,2020-09-17
United Airlines Holdings Inc,2015-07-29 06:29:02,RTRS,UAL.OQ,United Airlines data breached by China-backed hackers - Bloomberg,NASDAQ/NGS (GLOBAL SELECT MARKET),Industrials,91004710,Data-breach,1.0,,,,,,,,,,UAL,OQ,2015-07-29
Urban One Inc,2019-05-10 18:03:09,RTRS,UONEK.O,BRIEF-Urban One Says Co Was Target Of An External Cyber-Attack,unknown,Consumer Cyclicals,91705J20,Shutdown,,,,,,1.0,,,,,UONEK,O,2019-05-10
Usio Inc,2021-12-30 16:43:10,RTRS,USIO.O,BRIEF-Usio Detected A Ransomware Attack That Accessed And Encrypted Small Portion Of Co's IT Systems,unknown,Industrials,91731310,Ransomware,1.0,,,,1.0,,,,,,USIO,O,2021-12-30
Veeco Instruments Inc,2018-11-01 06:44:41,RTRS,VECO.O,"BRIEF-Veeco Instruments Inc Says Recently Discovered Attack On Computer Systems By What Appears To Be A ""Highly-Sophisticated Actor""",unknown,Technology,92241710,Data-breach,1.0,,,,,,,,,,VECO,O,2018-11-01
Vera Bradley Inc,2016-10-12 09:28:18,RTRS,VRA.O,Handbag maker Vera Bradley says its payment system was hacked,unknown,Consumer Cyclicals,92335C10,Data-breach,1.0,,,,,,,,,,VRA,O,2016-10-12
Verint Systems Inc,2019-04-24 09:06:52,RTRS,VRNT.O,BRIEF-Verint Provides Details On Successful Mitigation Of Last Week's Ransomware Attack,unknown,Technology,92343X10,Mitigation,,,,,,,,,,1.0,VRNT,O,2019-04-24
Viasat Inc,2022-02-28 06:31:08,RTRS,VSAT.O,BRIEF-Satellite Giant Viasat Probes Suspected Broadband Cyberattack Amid Russia Fears - Sky News,unknown,Technology,92552V10,Code-vulnerability,,1.0,,,,1.0,,,,,VSAT,O,2022-02-28
Volvo AB,2018-11-29 00:01:00,EVESTA,VOLVb.ST,I lost a £72k Volvo to hackers twice in a year,NASDAQ STOCKHOLM AB,Industrials,92885630,Car-hacking,,1.0,,,,,,,,,VOLVb,ST,2018-11-29
Walgreens Boots Alliance Inc,2020-03-07 11:00:41,PRN,WBA.O,Keller Grover LLP is Investigating Walgreens Data Breach,unknown,Consumer Non-Cyclicals,93142710,Data-breach,1.0,,,,,,,,,,WBA,O,2020-03-07
Waterloo Brewing Ltd,2019-10-21 08:03:00,BNN,WBR.TO,Disclosing of a social engineering hack that happened in July,unknown,Consumer Non-Cyclicals,94155W10,Stolen Funds,,,,,,,,,1.0,,WBR,TO,2019-10-21
Wendys Co,2016-07-07 12:58:06,RTRS,WEN.OQ,UPDATE 2-Wendy's says hackers stole card data in breach disclosed in Jan,NASDAQ/NGS (GLOBAL SELECT MARKET),Consumer Cyclicals,95058W10,Data-breach,1.0,,,,,,,,,,WEN,OQ,2016-07-07
Western Digital Corp,2023-04-03 02:06:00,DIGITA,WDC.O,Western Digital hit by data breach,unknown,Technology,95810210,Data-breach,1.0,,,,,,,,,,WDC,O,2023-04-03
Zynga Inc (Pre-Merger),2019-09-12 06:00:00,FRBS,ZNGA.O,Data Breach Warning For 200 Million Android And iOS Gamers,unknown,Technology,98986T10,Data-breach special,1.0,,,,,,,,,,ZNGA,O,2019-09-12
bebe stores inc,2014-12-04 18:30:27,RTRS,BEBE.PK,Hackers may have stolen Bebe Stores' payment card data-KrebsOnSecurity,OTC MARKETS,Consumer Cyclicals,07557120,Data-breach,1.0,,,,,,,,,,BEBE,PK,2014-12-04
eBay Inc,2014-05-21 07:15:57,RTRS,EBAY.O,EBay says client information stolen in hacking attack,unknown,Technology,27864210,Data-breach,1.0,,,,,,,,,,EBAY,O,2014-05-21
